
USE ls_motors;
-- =========================
-- =========================

-- =========================
-- INSERT DE BASE
-- =========================
-- Catégories de véhicules (LS MOTORS)
INSERT INTO categorie (Libelle) VALUES
('Sports'),
('Sport Classic'),
('Super'),
('Muscles'),
('Compact'),
('Coupe'),
('Sedans'),
('Moto'),
('SUV'),
('Offroad'),
('Vans utilitaire'),
('Boat'),
('Aircraft');

-- Marques
INSERT INTO marque (Nom) VALUES
('Albany'),
('Annis'),
('Benefactor'),
('BF'),
('Bollokan'),
('Bravado'),
('Brute'),
('Buckingham'),
('Canis'),
('Chariot'),
('Cheval'),
('Coil'),
('Declasse'),
('Dewbauchee'),
('Dinka'),
('Dundreary'),
('Emperor'),
('Enus'),
('Fathom'),
('Gallivanter'),
('Grotti'),
('Hijak'),
('HVY'),
('Imponte'),
('Invetero'),
('Jack Sheepe'),
('JoBuilt'),
('Karin'),
('Kraken Submersibles'),
('Lampadati'),
('Liberty City Cycles'),
('Maibatsu'),
('Mammoth'),
('Maxwell'),
('MTL'),
('Nagasaki'),
('Obey'),
('Ocelot'),
('Overflod'),
('Pegassi'),
('Pfister'),
('Principe'),
('Progen'),
('RUNE'),
('Schyster'),
('Shitzu'),
('Speedophile'),
('Stanley'),
('Truffade'),
('Ubermacht'),
('Vapid'),
('Vom Feuer'),
('Vulcar'),
('Vysser'),
('Weeny'),
('Western Company'),
('Western Motorcycle Company'),
('Willard'),
('Zirconium');

-- Création d'un admin par défaut
INSERT INTO utilisateur (Nom, Prenom, Email, Passwrd, Role, DiscordPseudo)
VALUES ('Admin', 'LS MOTORS', 'admin@lsmotors.local', 'admin123', 'admin', 'admin1');

-- Création d'un admin Noah
INSERT INTO utilisateur (Nom, Prenom, Email, Passwrd, Role, DiscordPseudo)
VALUES ('Brook', 'Noah', 'noahB@lsmotors.local', 'admin123', 'admin', 'Nosstix_15');

-- Création employé test
INSERT INTO utilisateur (Nom, Prenom, Email, Passwrd, Role, DiscordPseudo)
VALUES ('test', 'test', 'test@lsmotors.local', 'employe123', 'employe', 'employe1');

-- Création employé test2
INSERT INTO utilisateur (Nom, Prenom, Email, Passwrd, Role, DiscordPseudo)
VALUES ('test2', 'test2', 'test2@lsmotors.local', 'employe123', 'employe', 'employe2');

-- Création joueur test
INSERT INTO utilisateur (Nom, Prenom, Email, Passwrd, Role, DiscordPseudo)
VALUES ('joueur1', 'ridha', 'joueur1@fivem.com', 'joueur123', 'joueur', 'ridha148');

-- Création joueur test2
INSERT INTO utilisateur (Nom, Prenom, Email, Passwrd, Role, DiscordPseudo)
VALUES ('joueur2', 'catherine', 'joueur2@fivem.com', 'joueur123', 'joueur', 'catherine556');

-- =========================
-- 50 JOUEURS LS MOTORS
-- =========================
INSERT INTO utilisateur (Nom, Prenom, Email, Passwrd, Role, DiscordPseudo) VALUES
('Moreau', 'Lucas', 'joueur01@fivem.com', 'joueur123', 'joueur', 'RoadKing92'),
('Dubois', 'Hugo', 'joueur02@fivem.com', 'joueur123', 'joueur', 'HugoShift'),
('Bernard', 'Nathan', 'joueur03@fivem.com', 'joueur123', 'joueur', 'NathDrift'),
('Thomas', 'Enzo', 'joueur04@fivem.com', 'joueur123', 'joueur', 'EnzoRPM'),
('Robert', 'Mathis', 'joueur05@fivem.com', 'joueur123', 'joueur', 'MathisRacer'),
('Richard', 'Léo', 'joueur06@fivem.com', 'joueur123', 'joueur', 'LeoVroom'),
('Petit', 'Noé', 'joueur07@fivem.com', 'joueur123', 'joueur', 'NoeTurbo'),
('Durand', 'Ethan', 'joueur08@fivem.com', 'joueur123', 'joueur', 'EthanCrew'),
('Leroy', 'Tom', 'joueur09@fivem.com', 'joueur123', 'joueur', 'TommyWheels'),
('Morel', 'Sacha', 'joueur10@fivem.com', 'joueur123', 'joueur', 'SachaNitro'),
('Simon', 'Adam', 'joueur11@fivem.com', 'joueur123', 'joueur', 'AdamCustom'),
('Laurent', 'Maël', 'joueur12@fivem.com', 'joueur123', 'joueur', 'MaelRider'),
('Lefebvre', 'Maxime', 'joueur13@fivem.com', 'joueur123', 'joueur', 'MaxTorque'),
('Michel', 'Alexis', 'joueur14@fivem.com', 'joueur123', 'joueur', 'AlexLS'),
('Garcia', 'Rayan', 'joueur15@fivem.com', 'joueur123', 'joueur', 'RayanStreet'),
('David', 'Ilyes', 'joueur16@fivem.com', 'joueur123', 'joueur', 'IlyesMotion'),
('Bertrand', 'Yanis', 'joueur17@fivem.com', 'joueur123', 'joueur', 'YanisGarage'),
('Roux', 'Kylian', 'joueur18@fivem.com', 'joueur123', 'joueur', 'KylianDrive'),
('Vincent', 'Nolan', 'joueur19@fivem.com', 'joueur123', 'joueur', 'NolanSpeed'),
('Fournier', 'Amine', 'joueur20@fivem.com', 'joueur123', 'joueur', 'AmineBoost'),
('Girard', 'Mehdi', 'joueur21@fivem.com', 'joueur123', 'joueur', 'MehdiV8'),
('Bonnet', 'Axel', 'joueur22@fivem.com', 'joueur123', 'joueur', 'AxelCruise'),
('Dupont', 'Jules', 'joueur23@fivem.com', 'joueur123', 'joueur', 'JulesRacing'),
('Lambert', 'Evan', 'joueur24@fivem.com', 'joueur123', 'joueur', 'EvanMotor'),
('Fontaine', 'Noah', 'joueur25@fivem.com', 'joueur123', 'joueur', 'NoahWheels'),
('Rousseau', 'Clément', 'joueur26@fivem.com', 'joueur123', 'joueur', 'ClemStreet'),
('Martin', 'Louis', 'joueur27@fivem.com', 'joueur123', 'joueur', 'LouisGear'),
('Chevalier', 'Samuel', 'joueur28@fivem.com', 'joueur123', 'joueur', 'SamDrift'),
('Robin', 'Tiago', 'joueur29@fivem.com', 'joueur123', 'joueur', 'TiagoRun'),
('Gauthier', 'Malo', 'joueur30@fivem.com', 'joueur123', 'joueur', 'MaloTurbo'),
('Perrin', 'Gabriel', 'joueur31@fivem.com', 'joueur123', 'joueur', 'GabyRider'),
('Marchand', 'Sofiane', 'joueur32@fivem.com', 'joueur123', 'joueur', 'SosoRacing'),
('Duval', 'Théo', 'joueur33@fivem.com', 'joueur123', 'joueur', 'TheoBoost'),
('Blanchard', 'Naël', 'joueur34@fivem.com', 'joueur123', 'joueur', 'NaelRPM'),
('Guerin', 'Valentin', 'joueur35@fivem.com', 'joueur123', 'joueur', 'ValStreet'),
('Muller', 'Elias', 'joueur36@fivem.com', 'joueur123', 'joueur', 'EliasCustom'),
('Henry', 'Bastien', 'joueur37@fivem.com', 'joueur123', 'joueur', 'BastDrive'),
('Roussel', 'Mathéo', 'joueur38@fivem.com', 'joueur123', 'joueur', 'MatheoShift'),
('Nicolas', 'Adrien', 'joueur39@fivem.com', 'joueur123', 'joueur', 'AdrienV12'),
('Pires', 'Lenny', 'joueur40@fivem.com', 'joueur123', 'joueur', 'LennyMotor'),
('Colin', 'Ryan', 'joueur41@fivem.com', 'joueur123', 'joueur', 'RyanWheels'),
('Barbier', 'Ismaël', 'joueur42@fivem.com', 'joueur123', 'joueur', 'IsmaCruise'),
('Arnaud', 'Quentin', 'joueur43@fivem.com', 'joueur123', 'joueur', 'QTNitro'),
('Morin', 'Esteban', 'joueur44@fivem.com', 'joueur123', 'joueur', 'EstebanLS'),
('Masson', 'Aaron', 'joueur45@fivem.com', 'joueur123', 'joueur', 'AaronSpeed'),
('Leclerc', 'Oscar', 'joueur46@fivem.com', 'joueur123', 'joueur', 'OscarDrift'),
('Aubert', 'Nino', 'joueur47@fivem.com', 'joueur123', 'joueur', 'NinoGear'),
('Rodriguez', 'Diego', 'joueur48@fivem.com', 'joueur123', 'joueur', 'DiegoTurbo'),
('Benoit', 'Milan', 'joueur49@fivem.com', 'joueur123', 'joueur', 'MilanStreet'),
('Renard', 'Raphaël', 'joueur50@fivem.com', 'joueur123', 'joueur', 'RaphBoost');


-- =========================
-- 50 EMPLOYES LS MOTORS
-- =========================
INSERT INTO utilisateur (Nom, Prenom, Email, Passwrd, Role, DiscordPseudo) VALUES
('Lemoine', 'Arthur', 'employe01@lsmotors.local', 'employe123', 'employe', 'ArthurLS'),
('Mercier', 'Baptiste', 'employe02@lsmotors.local', 'employe123', 'employe', 'BaptisteAuto'),
('Noel', 'Camille', 'employe03@lsmotors.local', 'employe123', 'employe', 'CamLSMotors'),
('Meyer', 'Antoine', 'employe04@lsmotors.local', 'employe123', 'employe', 'AntoineVente'),
('Brun', 'Julien', 'employe05@lsmotors.local', 'employe123', 'employe', 'JulienConcess'),
('Schmitt', 'Paul', 'employe06@lsmotors.local', 'employe123', 'employe', 'PaulGarage'),
('Roy', 'Victor', 'employe07@lsmotors.local', 'employe123', 'employe', 'VictorLS'),
('Roche', 'Florian', 'employe08@lsmotors.local', 'employe123', 'employe', 'FloMotors'),
('Legrand', 'Corentin', 'employe09@lsmotors.local', 'employe123', 'employe', 'CocoAuto'),
('Bourgeois', 'Benjamin', 'employe10@lsmotors.local', 'employe123', 'employe', 'BenLS'),
('Jacquet', 'Alexandre', 'employe11@lsmotors.local', 'employe123', 'employe', 'AlexConcess'),
('Carpentier', 'Morgan', 'employe12@lsmotors.local', 'employe123', 'employe', 'MorganMotors'),
('Gonzalez', 'Romain', 'employe13@lsmotors.local', 'employe123', 'employe', 'RomainVente'),
('Picard', 'Matteo', 'employe14@lsmotors.local', 'employe123', 'employe', 'MatteoLS'),
('Chevallier', 'Kevin', 'employe15@lsmotors.local', 'employe123', 'employe', 'KevGarage'),
('Perrot', 'Dylan', 'employe16@lsmotors.local', 'employe123', 'employe', 'DylanAuto'),
('Clement', 'Pierre', 'employe17@lsmotors.local', 'employe123', 'employe', 'PierreLSM'),
('Dumas', 'Nicolas', 'employe18@lsmotors.local', 'employe123', 'employe', 'NicoConcess'),
('Boucher', 'Rémi', 'employe19@lsmotors.local', 'employe123', 'employe', 'RemiMotors'),
('Gay', 'Anthony', 'employe20@lsmotors.local', 'employe123', 'employe', 'TonyLS'),
('Blanc', 'Maxence', 'employe21@lsmotors.local', 'employe123', 'employe', 'MaxenceAuto'),
('Rey', 'Hadrien', 'employe22@lsmotors.local', 'employe123', 'employe', 'HadriLS'),
('Marty', 'Loïc', 'employe23@lsmotors.local', 'employe123', 'employe', 'LoicVente'),
('Charpentier', 'Damien', 'employe24@lsmotors.local', 'employe123', 'employe', 'DamienGarage'),
('Riviere', 'Cédric', 'employe25@lsmotors.local', 'employe123', 'employe', 'CedricLS'),
('Gillet', 'Tristan', 'employe26@lsmotors.local', 'employe123', 'employe', 'TristanAuto'),
('Hardy', 'Matthieu', 'employe27@lsmotors.local', 'employe123', 'employe', 'MattMotors'),
('Lamy', 'Gaël', 'employe28@lsmotors.local', 'employe123', 'employe', 'GaelConcess'),
('Hubert', 'Sébastien', 'employe29@lsmotors.local', 'employe123', 'employe', 'SebLS'),
('Jean', 'Thibault', 'employe30@lsmotors.local', 'employe123', 'employe', 'ThibAuto'),
('Baron', 'Mickaël', 'employe31@lsmotors.local', 'employe123', 'employe', 'MickaLS'),
('Fernandez', 'Christophe', 'employe32@lsmotors.local', 'employe123', 'employe', 'ChrisVente'),
('Vidal', 'Jonathan', 'employe33@lsmotors.local', 'employe123', 'employe', 'JohnMotors'),
('Rolland', 'Alex', 'employe34@lsmotors.local', 'employe123', 'employe', 'AlexVendeur'),
('Faure', 'Yohan', 'employe35@lsmotors.local', 'employe123', 'employe', 'YohanLS'),
('Bertin', 'Steve', 'employe36@lsmotors.local', 'employe123', 'employe', 'SteveAuto'),
('Lacroix', 'William', 'employe37@lsmotors.local', 'employe123', 'employe', 'WillGarage'),
('Poulain', 'Jordan', 'employe38@lsmotors.local', 'employe123', 'employe', 'JordanLS'),
('Prevost', 'Allan', 'employe39@lsmotors.local', 'employe123', 'employe', 'AllanMotors'),
('Martinez', 'Enrique', 'employe40@lsmotors.local', 'employe123', 'employe', 'EnriqueAuto'),
('Aubry', 'Hugo', 'employe41@lsmotors.local', 'employe123', 'employe', 'HugoConcess'),
('Pascal', 'Owen', 'employe42@lsmotors.local', 'employe123', 'employe', 'OwenLS'),
('Besson', 'Robin', 'employe43@lsmotors.local', 'employe123', 'employe', 'RobinVente'),
('Delattre', 'Eliott', 'employe44@lsmotors.local', 'employe123', 'employe', 'EliottGarage'),
('Caron', 'Marvin', 'employe45@lsmotors.local', 'employe123', 'employe', 'MarvinLS'),
('Pichon', 'Sandro', 'employe46@lsmotors.local', 'employe123', 'employe', 'SandroAuto'),
('Mahe', 'Quentin', 'employe47@lsmotors.local', 'employe123', 'employe', 'QuentinLSM'),
('Vallet', 'Boris', 'employe48@lsmotors.local', 'employe123', 'employe', 'BorisMotors'),
('Cousin', 'Niels', 'employe49@lsmotors.local', 'employe123', 'employe', 'NielsVente'),
('Lopes', 'Tiago', 'employe50@lsmotors.local', 'employe123', 'employe', 'TiagoConcess');


-- =========================
-- INSERT VENTES (50)
-- =========================

INSERT INTO vente (ID_Employe, ID_Vehicule, NomClient, DateVente, PrixVente) VALUES
(51,1,'Lucas Martin','2024-01-05 14:22:00',18500.00),
(52,2,'Nathan Dubois','2024-01-08 11:10:00',22400.00),
(53,3,'Enzo Bernard','2024-01-10 16:40:00',31200.00),
(54,4,'Tom Garcia','2024-01-12 10:15:00',27800.00),
(55,5,'Mathis Leroy','2024-01-15 13:20:00',19900.00),
(56,6,'Leo Petit','2024-01-17 15:30:00',35500.00),
(57,7,'Hugo Moreau','2024-01-19 09:50:00',26500.00),
(58,8,'Noah Simon','2024-01-21 17:00:00',42900.00),
(59,9,'Ethan Laurent','2024-01-23 14:10:00',24800.00),
(60,10,'Jules Michel','2024-01-25 12:45:00',38400.00),

(61,11,'Lina Robert','2024-02-01 10:10:00',22100.00),
(62,12,'Emma Richard','2024-02-03 16:00:00',17500.00),
(63,13,'Chloe Thomas','2024-02-05 14:30:00',28900.00),
(64,14,'Sarah Durand','2024-02-07 11:20:00',33400.00),
(65,15,'Jade Petit','2024-02-10 15:40:00',20700.00),
(66,16,'Mia Lopez','2024-02-12 09:10:00',41200.00),
(67,17,'Eva Mercier','2024-02-14 17:10:00',24800.00),
(68,18,'Lou Vincent','2024-02-16 13:55:00',19800.00),
(69,19,'Lea Fontaine','2024-02-18 12:30:00',36400.00),
(70,20,'Anna Chevalier','2024-02-20 10:05:00',29500.00),

(71,21,'Yanis Perrin','2024-03-01 14:20:00',26700.00),
(72,22,'Adam Robin','2024-03-03 15:15:00',18900.00),
(73,23,'Rayan Gauthier','2024-03-05 11:45:00',30900.00),
(74,24,'Ilyes Muller','2024-03-07 16:05:00',45100.00),
(75,25,'Amine Henry','2024-03-09 09:30:00',22200.00),
(76,26,'Sacha Masson','2024-03-11 12:15:00',37900.00),
(77,27,'Tiago Andre','2024-03-13 14:50:00',28600.00),
(78,28,'Nolan Colin','2024-03-15 17:40:00',19500.00),
(79,29,'Aaron Noel','2024-03-17 10:20:00',33100.00),
(80,30,'Malo Fabre','2024-03-19 15:10:00',24800.00),

(81,1,'Mael Roux','2024-04-01 11:30:00',21400.00),
(82,2,'Kylian Brun','2024-04-03 13:25:00',39800.00),
(83,3,'Axel Giraud','2024-04-05 16:15:00',30200.00),
(84,4,'Lenny Caron','2024-04-07 09:55:00',18700.00),
(85,5,'Eliot Blanc','2024-04-09 14:45:00',27400.00),
(86,6,'Nino Faure','2024-04-11 17:20:00',46300.00),
(87,7,'Tao Berger','2024-04-13 12:35:00',21500.00),
(88,8,'Gabin Renault','2024-04-15 10:40:00',35800.00),
(89,9,'Noe Menard','2024-04-17 15:50:00',24400.00),
(90,10,'Raphael Schmitt','2024-04-19 13:05:00',32100.00),

(91,11,'Camille Arnaud','2024-05-02 11:10:00',29800.00),
(92,12,'Julie Pascal','2024-05-04 16:40:00',22500.00),
(93,13,'Elise Payet','2024-05-06 14:25:00',41900.00),
(94,14,'Marine Marty','2024-05-08 09:20:00',18700.00),
(95,15,'Lucie Tessier','2024-05-10 12:15:00',27600.00),
(96,16,'Clara Dupuy','2024-05-12 17:05:00',34200.00),
(97,17,'Nina Barbier','2024-05-14 10:35:00',23900.00),
(98,18,'Alicia Rolland','2024-05-16 15:20:00',20100.00),
(99,19,'Maeva Lemoine','2024-05-18 13:45:00',38800.00),
(100,20,'Ines Renaud','2024-05-20 11:55:00',26400.00);

-- =========================
-- INSERT RDV (50)
-- =========================

INSERT INTO rdv (ID_Client, ID_Employe, Statut, DateCreation) VALUES
(1,51,'valide','2024-06-01 09:00:00'),
(2,52,'demande','2024-06-01 10:00:00'),
(3,53,'en_cours','2024-06-01 11:00:00'),
(4,54,'annule','2024-06-01 12:00:00'),
(5,55,'valide','2024-06-02 09:00:00'),
(6,56,'demande','2024-06-02 10:00:00'),
(7,57,'en_cours','2024-06-02 11:00:00'),
(8,58,'annule','2024-06-02 12:00:00'),
(9,59,'valide','2024-06-03 09:00:00'),
(10,60,'demande','2024-06-03 10:00:00'),

(11,61,'en_cours','2024-06-03 11:00:00'),
(12,62,'annule','2024-06-03 12:00:00'),
(13,63,'valide','2024-06-04 09:00:00'),
(14,64,'demande','2024-06-04 10:00:00'),
(15,65,'en_cours','2024-06-04 11:00:00'),
(16,66,'annule','2024-06-04 12:00:00'),
(17,67,'valide','2024-06-05 09:00:00'),
(18,68,'demande','2024-06-05 10:00:00'),
(19,69,'en_cours','2024-06-05 11:00:00'),
(20,70,'annule','2024-06-05 12:00:00'),

(21,71,'valide','2024-06-06 09:00:00'),
(22,72,'demande','2024-06-06 10:00:00'),
(23,73,'en_cours','2024-06-06 11:00:00'),
(24,74,'annule','2024-06-06 12:00:00'),
(25,75,'valide','2024-06-07 09:00:00'),
(26,76,'demande','2024-06-07 10:00:00'),
(27,77,'en_cours','2024-06-07 11:00:00'),
(28,78,'annule','2024-06-07 12:00:00'),
(29,79,'valide','2024-06-08 09:00:00'),
(30,80,'demande','2024-06-08 10:00:00'),

(31,81,'en_cours','2024-06-08 11:00:00'),
(32,82,'annule','2024-06-08 12:00:00'),
(33,83,'valide','2024-06-09 09:00:00'),
(34,84,'demande','2024-06-09 10:00:00'),
(35,85,'en_cours','2024-06-09 11:00:00'),
(36,86,'annule','2024-06-09 12:00:00'),
(37,87,'valide','2024-06-10 09:00:00'),
(38,88,'demande','2024-06-10 10:00:00'),
(39,89,'en_cours','2024-06-10 11:00:00'),
(40,90,'annule','2024-06-10 12:00:00'),

(41,91,'valide','2024-06-11 09:00:00'),
(42,92,'demande','2024-06-11 10:00:00'),
(43,93,'en_cours','2024-06-11 11:00:00'),
(44,94,'annule','2024-06-11 12:00:00'),
(45,95,'valide','2024-06-12 09:00:00'),
(46,96,'demande','2024-06-12 10:00:00'),
(47,97,'en_cours','2024-06-12 11:00:00'),
(48,98,'annule','2024-06-12 12:00:00'),
(49,99,'valide','2024-06-13 09:00:00'),
(50,100,'demande','2024-06-13 10:00:00');

-- =========================
-- INSERT RDV_ITEM (50)
-- =========================

INSERT INTO rdv_item (ID_RDV, ID_Vehicule, Quantite, PrixUnitaire) VALUES
(1,1,1,18500.00),
(2,2,1,22400.00),
(3,3,1,31200.00),
(4,4,1,27800.00),
(5,5,1,19900.00),
(6,6,1,35500.00),
(7,7,1,26500.00),
(8,8,1,42900.00),
(9,9,1,24800.00),
(10,10,1,38400.00),

(11,11,1,22100.00),
(12,12,1,17500.00),
(13,13,1,28900.00),
(14,14,1,33400.00),
(15,15,1,20700.00),
(16,16,1,41200.00),
(17,17,1,24800.00),
(18,18,1,19800.00),
(19,19,1,36400.00),
(20,20,1,29500.00),

(21,21,1,26700.00),
(22,22,1,18900.00),
(23,23,1,30900.00),
(24,24,1,45100.00),
(25,25,1,22200.00),
(26,26,1,37900.00),
(27,27,1,28600.00),
(28,28,1,19500.00),
(29,29,1,33100.00),
(30,30,1,24800.00),

(31,1,1,21400.00),
(32,2,1,39800.00),
(33,3,1,30200.00),
(34,4,1,18700.00),
(35,5,1,27400.00),
(36,6,1,46300.00),
(37,7,1,21500.00),
(38,8,1,35800.00),
(39,9,1,24400.00),
(40,10,1,32100.00),

(41,11,1,29800.00),
(42,12,1,22500.00),
(43,13,1,41900.00),
(44,14,1,18700.00),
(45,15,1,27600.00),
(46,16,1,34200.00),
(47,17,1,23900.00),
(48,18,1,20100.00),
(49,19,1,38800.00),
(50,20,1,26400.00);


-- Sports
INSERT INTO vehicule (NomModele, ID_Marque, ID_Categorie, PrixCatalogue, Description, Image, Actif) VALUES
('Alpha', (SELECT ID FROM marque WHERE Nom='Albany'), (SELECT ID FROM categorie WHERE Libelle='Sports'), 48000, NULL, NULL, 1),
('Bestia GTS', (SELECT ID FROM marque WHERE Nom='Grotti'), (SELECT ID FROM categorie WHERE Libelle='Sports'), 70000, NULL, NULL, 1),
('Buffalo', (SELECT ID FROM marque WHERE Nom='Bravado'), (SELECT ID FROM categorie WHERE Libelle='Sports'), 35000, NULL, NULL, 1),
('Buffalo S', (SELECT ID FROM marque WHERE Nom='Bravado'), (SELECT ID FROM categorie WHERE Libelle='Sports'), 45000, NULL, NULL, 1),
('Carbonizzare', (SELECT ID FROM marque WHERE Nom='Grotti'), (SELECT ID FROM categorie WHERE Libelle='Sports'), 110000, NULL, NULL, 1),
('Comet', (SELECT ID FROM marque WHERE Nom='Pfister'), (SELECT ID FROM categorie WHERE Libelle='Sports'), 85000, NULL, NULL, 1),
('Comet5', (SELECT ID FROM marque WHERE Nom='Pfister'), (SELECT ID FROM categorie WHERE Libelle='Sports'), 95000, NULL, NULL, 1),
('Comet6', (SELECT ID FROM marque WHERE Nom='Pfister'), (SELECT ID FROM categorie WHERE Libelle='Sports'), 135000, NULL, NULL, 1),
('Coquette', (SELECT ID FROM marque WHERE Nom='Invetero'), (SELECT ID FROM categorie WHERE Libelle='Sports'), 90000, NULL, NULL, 1),
('Drafter', (SELECT ID FROM marque WHERE Nom='Obey'), (SELECT ID FROM categorie WHERE Libelle='Sports'), 120000, NULL, NULL, 1),
('Dynasty', (SELECT ID FROM marque WHERE Nom='Weeny'), (SELECT ID FROM categorie WHERE Libelle='Sports'), 30000, NULL, NULL, 1),
('Elegy RH8', (SELECT ID FROM marque WHERE Nom='Annis'), (SELECT ID FROM categorie WHERE Libelle='Sports'), 85000, NULL, NULL, 1),
('Elegy Retro', (SELECT ID FROM marque WHERE Nom='Annis'), (SELECT ID FROM categorie WHERE Libelle='Sports'), 95000, NULL, NULL, 1),
('Feltzer', (SELECT ID FROM marque WHERE Nom='Benefactor'), (SELECT ID FROM categorie WHERE Libelle='Sports'), 55000, NULL, NULL, 1),
('Flash GT', (SELECT ID FROM marque WHERE Nom='Vapid'), (SELECT ID FROM categorie WHERE Libelle='Sports'), 65000, NULL, NULL, 1),
('Fusilade', (SELECT ID FROM marque WHERE Nom='Karin'), (SELECT ID FROM categorie WHERE Libelle='Sports'), 38000, NULL, NULL, 1),
('Futo', (SELECT ID FROM marque WHERE Nom='Karin'), (SELECT ID FROM categorie WHERE Libelle='Sports'), 20000, NULL, NULL, 1),
('Futo2', (SELECT ID FROM marque WHERE Nom='Karin'), (SELECT ID FROM categorie WHERE Libelle='Sports'), 28000, NULL, NULL, 1),
('GB200', (SELECT ID FROM marque WHERE Nom='Vapid'), (SELECT ID FROM categorie WHERE Libelle='Sports'), 55000, NULL, NULL, 1),
('Imorgon', (SELECT ID FROM marque WHERE Nom='Overflod'), (SELECT ID FROM categorie WHERE Libelle='Sports'), 65000, NULL, NULL, 1),
('Infernus2', (SELECT ID FROM marque WHERE Nom='Pegassi'), (SELECT ID FROM categorie WHERE Libelle='Sports'), 140000, NULL, NULL, 1),
('Issi7', (SELECT ID FROM marque WHERE Nom='Weeny'), (SELECT ID FROM categorie WHERE Libelle='Sports'), 80000, NULL, NULL, 1),
('Italigto', (SELECT ID FROM marque WHERE Nom='Grotti'), (SELECT ID FROM categorie WHERE Libelle='Sports'), 110000, NULL, NULL, 1),
('Jester', (SELECT ID FROM marque WHERE Nom='Dinka'), (SELECT ID FROM categorie WHERE Libelle='Sports'), 60000, NULL, NULL, 1),
('Jester3', (SELECT ID FROM marque WHERE Nom='Dinka'), (SELECT ID FROM categorie WHERE Libelle='Sports'), 45000, NULL, NULL, 1),
('Jester4', (SELECT ID FROM marque WHERE Nom='Dinka'), (SELECT ID FROM categorie WHERE Libelle='Sports'), 49000, NULL, NULL, 1),
('Jugular', (SELECT ID FROM marque WHERE Nom='Ocelot'), (SELECT ID FROM categorie WHERE Libelle='Sports'), 150000, NULL, NULL, 1),
('Khamelion', (SELECT ID FROM marque WHERE Nom='Hijak'), (SELECT ID FROM categorie WHERE Libelle='Sports'), 65000, NULL, NULL, 1),
('Komoda', (SELECT ID FROM marque WHERE Nom='Lampadati'), (SELECT ID FROM categorie WHERE Libelle='Sports'), 95000, NULL, NULL, 1),
('Kuruma', (SELECT ID FROM marque WHERE Nom='Karin'), (SELECT ID FROM categorie WHERE Libelle='Sports'), 80000, NULL, NULL, 1),
('Lynx', (SELECT ID FROM marque WHERE Nom='Ocelot'), (SELECT ID FROM categorie WHERE Libelle='Sports'), 45000, NULL, NULL, 1),
('Mamba', (SELECT ID FROM marque WHERE Nom='Declasse'), (SELECT ID FROM categorie WHERE Libelle='Sports'), 70000, NULL, NULL, 1),
('Massacro', (SELECT ID FROM marque WHERE Nom='Dewbauchee'), (SELECT ID FROM categorie WHERE Libelle='Sports'), 65000, NULL, NULL, 1),
('Michelli', (SELECT ID FROM marque WHERE Nom='Grotti'), (SELECT ID FROM categorie WHERE Libelle='Sports'), 28000, NULL, NULL, 1),
('Neon', (SELECT ID FROM marque WHERE Nom='Pfister'), (SELECT ID FROM categorie WHERE Libelle='Sports'), 120000, NULL, NULL, 1),
('9F', (SELECT ID FROM marque WHERE Nom='Obey'), (SELECT ID FROM categorie WHERE Libelle='Sports'), 85000, NULL, NULL, 1),
('9F Cabrio', (SELECT ID FROM marque WHERE Nom='Obey'), (SELECT ID FROM categorie WHERE Libelle='Sports'), 95000, NULL, NULL, 1),
('Omnis', (SELECT ID FROM marque WHERE Nom='Obey'), (SELECT ID FROM categorie WHERE Libelle='Sports'), 45000, NULL, NULL, 1),
('Paragon', (SELECT ID FROM marque WHERE Nom='Ocelot'), (SELECT ID FROM categorie WHERE Libelle='Sports'), 110000, NULL, NULL, 1),
('Pariah', (SELECT ID FROM marque WHERE Nom='Ocelot'), (SELECT ID FROM categorie WHERE Libelle='Sports'), 140000, NULL, NULL, 1),
('Penumbra', (SELECT ID FROM marque WHERE Nom='Maibatsu'), (SELECT ID FROM categorie WHERE Libelle='Sports'), 22000, NULL, NULL, 1),
('Penumbra2', (SELECT ID FROM marque WHERE Nom='Maibatsu'), (SELECT ID FROM categorie WHERE Libelle='Sports'), 28000, NULL, NULL, 1),
('Peyote Gasser', (SELECT ID FROM marque WHERE Nom='Vapid'), (SELECT ID FROM categorie WHERE Libelle='Sports'), 35000, NULL, NULL, 1),
('Prairie', (SELECT ID FROM marque WHERE Nom='Bollokan'), (SELECT ID FROM categorie WHERE Libelle='Sports'), 10000, NULL, NULL, 1),
('Rapid GT', (SELECT ID FROM marque WHERE Nom='Dewbauchee'), (SELECT ID FROM categorie WHERE Libelle='Sports'), 80000, NULL, NULL, 1),
('Remus', (SELECT ID FROM marque WHERE Nom='Karin'), (SELECT ID FROM categorie WHERE Libelle='Sports'), 30000, NULL, NULL, 1),
('RT3000', (SELECT ID FROM marque WHERE Nom='Dinka'), (SELECT ID FROM categorie WHERE Libelle='Sports'), 2000, NULL, NULL, 1),
('Ruston', (SELECT ID FROM marque WHERE Nom='Hijak'), (SELECT ID FROM categorie WHERE Libelle='Sports'), 60000, NULL, NULL, 1),
('Revolter', (SELECT ID FROM marque WHERE Nom='Ubermacht'), (SELECT ID FROM categorie WHERE Libelle='Sports'), 90000, NULL, NULL, 1),
('Schafter V12', (SELECT ID FROM marque WHERE Nom='Benefactor'), (SELECT ID FROM categorie WHERE Libelle='Sports'), 45000, NULL, NULL, 1),
('Schafter4', (SELECT ID FROM marque WHERE Nom='Benefactor'), (SELECT ID FROM categorie WHERE Libelle='Sports'), 50000, NULL, NULL, 1),
('Schlagen', (SELECT ID FROM marque WHERE Nom='Benefactor'), (SELECT ID FROM categorie WHERE Libelle='Sports'), 80000, NULL, NULL, 1),
('Seven70', (SELECT ID FROM marque WHERE Nom='Dewbauchee'), (SELECT ID FROM categorie WHERE Libelle='Sports'), 65000, NULL, NULL, 1),
('Specter', (SELECT ID FROM marque WHERE Nom='Dewbauchee'), (SELECT ID FROM categorie WHERE Libelle='Sports'), 45000, NULL, NULL, 1),
('Stratum', (SELECT ID FROM marque WHERE Nom='Zirconium'), (SELECT ID FROM categorie WHERE Libelle='Sports'), 25000, NULL, NULL, 1),
('Streiter', (SELECT ID FROM marque WHERE Nom='Benefactor'), (SELECT ID FROM categorie WHERE Libelle='Sports'), 55000, NULL, NULL, 1),
('Sugoi', (SELECT ID FROM marque WHERE Nom='Dinka'), (SELECT ID FROM categorie WHERE Libelle='Sports'), 25000, NULL, NULL, 1),
('Sultan', (SELECT ID FROM marque WHERE Nom='Karin'), (SELECT ID FROM categorie WHERE Libelle='Sports'), 45000, NULL, NULL, 1),
('Sultan2', (SELECT ID FROM marque WHERE Nom='Karin'), (SELECT ID FROM categorie WHERE Libelle='Sports'), 20000, NULL, NULL, 1),
('Sultan3', (SELECT ID FROM marque WHERE Nom='Karin'), (SELECT ID FROM categorie WHERE Libelle='Sports'), 60000, NULL, NULL, 1),
('Sultan RS', (SELECT ID FROM marque WHERE Nom='Karin'), (SELECT ID FROM categorie WHERE Libelle='Sports'), 70000, NULL, NULL, 1),
('Surano', (SELECT ID FROM marque WHERE Nom='Benefactor'), (SELECT ID FROM categorie WHERE Libelle='Sports'), 50000, NULL, NULL, 1),
('Swinger', (SELECT ID FROM marque WHERE Nom='Ocelot'), (SELECT ID FROM categorie WHERE Libelle='Sports'), 85000, NULL, NULL, 1),
('Tampa2', (SELECT ID FROM marque WHERE Nom='Declasse'), (SELECT ID FROM categorie WHERE Libelle='Sports'), 75000, NULL, NULL, 1),
('Torero', (SELECT ID FROM marque WHERE Nom='Pegassi'), (SELECT ID FROM categorie WHERE Libelle='Sports'), 110000, NULL, NULL, 1),
('Tropos', (SELECT ID FROM marque WHERE Nom='Lampadati'), (SELECT ID FROM categorie WHERE Libelle='Sports'), 45000, NULL, NULL, 1),
('Turismo2', (SELECT ID FROM marque WHERE Nom='Grotti'), (SELECT ID FROM categorie WHERE Libelle='Sports'), 130000, NULL, NULL, 1),
('Vectre', (SELECT ID FROM marque WHERE Nom='Ubermacht'), (SELECT ID FROM categorie WHERE Libelle='Sports'), 42000, NULL, NULL, 1),
('Vstr', (SELECT ID FROM marque WHERE Nom='Albany'), (SELECT ID FROM categorie WHERE Libelle='Sports'), 55000, NULL, NULL, 1),
('Zion3', (SELECT ID FROM marque WHERE Nom='Ubermacht'), (SELECT ID FROM categorie WHERE Libelle='Sports'), 36000, NULL, NULL, 1),
('ZR350', (SELECT ID FROM marque WHERE Nom='Annis'), (SELECT ID FROM categorie WHERE Libelle='Sports'), 43000, NULL, NULL, 1),
('Growler', (SELECT ID FROM marque WHERE Nom='Pfister'), (SELECT ID FROM categorie WHERE Libelle='Sports'), 100000, NULL, NULL, 1),
('Comet S2 Cabrio', (SELECT ID FROM marque WHERE Nom='Pfister'), (SELECT ID FROM categorie WHERE Libelle='Sports'), 137000, NULL, NULL, 1);



-- Sport Classics
INSERT INTO vehicule (NomModele, ID_Marque, ID_Categorie, PrixCatalogue, Description, Image, Actif) VALUES
('Btype', (SELECT ID FROM marque WHERE Nom='Albany'), (SELECT ID FROM categorie WHERE Libelle='Sport Classic'), 90000, NULL, NULL, 1),
('Btype Hotrod', (SELECT ID FROM marque WHERE Nom='Albany'), (SELECT ID FROM categorie WHERE Libelle='Sport Classic'), 180000, NULL, NULL, 1),
('Btype Luxe', (SELECT ID FROM marque WHERE Nom='Albany'), (SELECT ID FROM categorie WHERE Libelle='Sport Classic'), 120000, NULL, NULL, 1),
('Casco', (SELECT ID FROM marque WHERE Nom='Lampadati'), (SELECT ID FROM categorie WHERE Libelle='Sport Classic'), 140000, NULL, NULL, 1),
('Coquette Classic', (SELECT ID FROM marque WHERE Nom='Invetero'), (SELECT ID FROM categorie WHERE Libelle='Sport Classic'), 35000, NULL, NULL, 1),
('GT500', (SELECT ID FROM marque WHERE Nom='Grotti'), (SELECT ID FROM categorie WHERE Libelle='Sport Classic'), 90000, NULL, NULL, 1),
('Stirling GT', (SELECT ID FROM marque WHERE Nom='Benefactor'), (SELECT ID FROM categorie WHERE Libelle='Sport Classic'), 75000, NULL, NULL, 1),
('Tornado Custom', (SELECT ID FROM marque WHERE Nom='Declasse'), (SELECT ID FROM categorie WHERE Libelle='Sport Classic'), 32000, NULL, NULL, 1),
('Peyote Custom', (SELECT ID FROM marque WHERE Nom='Vapid'), (SELECT ID FROM categorie WHERE Libelle='Sport Classic'), 38000, NULL, NULL, 1),
('Viseris', (SELECT ID FROM marque WHERE Nom='Lampadati'), (SELECT ID FROM categorie WHERE Libelle='Sport Classic'), 87500, NULL, NULL, 1),
('Z-Type', (SELECT ID FROM marque WHERE Nom='Truffade'), (SELECT ID FROM categorie WHERE Libelle='Sport Classic'), 250000, NULL, NULL, 1);



-- Super
INSERT INTO vehicule (NomModele, ID_Marque, ID_Categorie, PrixCatalogue, Description, Image, Actif) VALUES
('Adder', (SELECT ID FROM marque WHERE Nom='Truffade'), (SELECT ID FROM categorie WHERE Libelle='Super'), 260000, NULL, NULL, 1),
('Banshee 900R', (SELECT ID FROM marque WHERE Nom='Bravado'), (SELECT ID FROM categorie WHERE Libelle='Super'), 145000, NULL, NULL, 1),
('Bullet', (SELECT ID FROM marque WHERE Nom='Vapid'), (SELECT ID FROM categorie WHERE Libelle='Super'), 150000, NULL, NULL, 1),
('Champion', (SELECT ID FROM marque WHERE Nom='Dewbauchee'), (SELECT ID FROM categorie WHERE Libelle='Super'), 350000, NULL, NULL, 1),
('Cyclone', (SELECT ID FROM marque WHERE Nom='Coil'), (SELECT ID FROM categorie WHERE Libelle='Super'), 220000, NULL, NULL, 1),
('Cyclone2', (SELECT ID FROM marque WHERE Nom='Coil'), (SELECT ID FROM categorie WHERE Libelle='Super'), 260000, NULL, NULL, 1),
('Entity XF', (SELECT ID FROM marque WHERE Nom='Overflod'), (SELECT ID FROM categorie WHERE Libelle='Super'), 320000, NULL, NULL, 1),
('Entity XXR', (SELECT ID FROM marque WHERE Nom='Overflod'), (SELECT ID FROM categorie WHERE Libelle='Super'), 350000, NULL, NULL, 1),
('ETR1', (SELECT ID FROM marque WHERE Nom='Progen'), (SELECT ID FROM categorie WHERE Libelle='Super'), 240000, NULL, NULL, 1),
('FMJ', (SELECT ID FROM marque WHERE Nom='Vapid'), (SELECT ID FROM categorie WHERE Libelle='Super'), 260000, NULL, NULL, 1),
('GP1', (SELECT ID FROM marque WHERE Nom='Progen'), (SELECT ID FROM categorie WHERE Libelle='Super'), 650000, NULL, NULL, 1),
('Ignus', (SELECT ID FROM marque WHERE Nom='Pegassi'), (SELECT ID FROM categorie WHERE Libelle='Super'), 420000, NULL, NULL, 1),
('Infernus', (SELECT ID FROM marque WHERE Nom='Pegassi'), (SELECT ID FROM categorie WHERE Libelle='Super'), 180000, NULL, NULL, 1),
('Krieger', (SELECT ID FROM marque WHERE Nom='Benefactor'), (SELECT ID FROM categorie WHERE Libelle='Super'), 480000, NULL, NULL, 1),
('Itali RSX', (SELECT ID FROM marque WHERE Nom='Grotti'), (SELECT ID FROM categorie WHERE Libelle='Super'), 420000, NULL, NULL, 1),
('Nero', (SELECT ID FROM marque WHERE Nom='Truffade'), (SELECT ID FROM categorie WHERE Libelle='Super'), 300000, NULL, NULL, 1),
('Nero Custom', (SELECT ID FROM marque WHERE Nom='Truffade'), (SELECT ID FROM categorie WHERE Libelle='Super'), 350000, NULL, NULL, 1),
('Osiris', (SELECT ID FROM marque WHERE Nom='Pegassi'), (SELECT ID FROM categorie WHERE Libelle='Super'), 390000, NULL, NULL, 1),
('Penetrator', (SELECT ID FROM marque WHERE Nom='Ocelot'), (SELECT ID FROM categorie WHERE Libelle='Super'), 250000, NULL, NULL, 1),
('Pfister Astron Custom', (SELECT ID FROM marque WHERE Nom='Pfister'), (SELECT ID FROM categorie WHERE Libelle='Super'), 280000, NULL, NULL, 1),
('RE-7B', (SELECT ID FROM marque WHERE Nom='Annis'), (SELECT ID FROM categorie WHERE Libelle='Super'), 630000, NULL, NULL, 1),
('S80RR', (SELECT ID FROM marque WHERE Nom='Annis'), (SELECT ID FROM categorie WHERE Libelle='Super'), 700000, NULL, NULL, 1),
('SC1', (SELECT ID FROM marque WHERE Nom='Ubermacht'), (SELECT ID FROM categorie WHERE Libelle='Super'), 310000, NULL, NULL, 1),
('Sheava', (SELECT ID FROM marque WHERE Nom='Emperor'), (SELECT ID FROM categorie WHERE Libelle='Super'), 290000, NULL, NULL, 1),
('T20', (SELECT ID FROM marque WHERE Nom='Progen'), (SELECT ID FROM categorie WHERE Libelle='Super'), 450000, NULL, NULL, 1),
('Taipan', (SELECT ID FROM marque WHERE Nom='Cheval'), (SELECT ID FROM categorie WHERE Libelle='Super'), 380000, NULL, NULL, 1),
('Tezeract', (SELECT ID FROM marque WHERE Nom='Pegassi'), (SELECT ID FROM categorie WHERE Libelle='Super'), 720000, NULL, NULL, 1),
('Thrax', (SELECT ID FROM marque WHERE Nom='Truffade'), (SELECT ID FROM categorie WHERE Libelle='Super'), 500000, NULL, NULL, 1),
('Turismo R', (SELECT ID FROM marque WHERE Nom='Grotti'), (SELECT ID FROM categorie WHERE Libelle='Super'), 400000, NULL, NULL, 1),
('Tyrant', (SELECT ID FROM marque WHERE Nom='Truffade'), (SELECT ID FROM categorie WHERE Libelle='Super'), 330000, NULL, NULL, 1),
('Tyrus', (SELECT ID FROM marque WHERE Nom='Progen'), (SELECT ID FROM categorie WHERE Libelle='Super'), 250000, NULL, NULL, 1),
('Vacca', (SELECT ID FROM marque WHERE Nom='Pegassi'), (SELECT ID FROM categorie WHERE Libelle='Super'), 210000, NULL, NULL, 1),
('Vagner', (SELECT ID FROM marque WHERE Nom='Dewbauchee'), (SELECT ID FROM categorie WHERE Libelle='Super'), 510000, NULL, NULL, 1),
('Vigilante', (SELECT ID FROM marque WHERE Nom='Declasse'), (SELECT ID FROM categorie WHERE Libelle='Super'), 600000, NULL, NULL, 1),
('Visione', (SELECT ID FROM marque WHERE Nom='Grotti'), (SELECT ID FROM categorie WHERE Libelle='Super'), 690000, NULL, NULL, 1),
('Zeno', (SELECT ID FROM marque WHERE Nom='Overflod'), (SELECT ID FROM categorie WHERE Libelle='Super'), 330000, NULL, NULL, 1),
('Zentorno', (SELECT ID FROM marque WHERE Nom='Pegassi'), (SELECT ID FROM categorie WHERE Libelle='Super'), 620000, NULL, NULL, 1),
('Emerus', (SELECT ID FROM marque WHERE Nom='Progen'), (SELECT ID FROM categorie WHERE Libelle='Super'), 900000, NULL, NULL, 1),
('Deveste Eight', (SELECT ID FROM marque WHERE Nom='Principe'), (SELECT ID FROM categorie WHERE Libelle='Super'), 750000, NULL, NULL, 1),
('Itali GTO Stinger TT', (SELECT ID FROM marque WHERE Nom='Grotti'), (SELECT ID FROM categorie WHERE Libelle='Super'), 820000, NULL, NULL, 1),
('Torero XO', (SELECT ID FROM marque WHERE Nom='Pegassi'), (SELECT ID FROM categorie WHERE Libelle='Super'), 680000, NULL, NULL, 1),
('Virtue', (SELECT ID FROM marque WHERE Nom='Dinka'), (SELECT ID FROM categorie WHERE Libelle='Super'), 720000, NULL, NULL, 1),
('LM87', (SELECT ID FROM marque WHERE Nom='Benefactor'), (SELECT ID FROM categorie WHERE Libelle='Super'), 460000, NULL, NULL, 1),
('Cyclone Custom', (SELECT ID FROM marque WHERE Nom='Coil'), (SELECT ID FROM categorie WHERE Libelle='Super'), 480000, NULL, NULL, 1),
('Furia', (SELECT ID FROM marque WHERE Nom='Grotti'), (SELECT ID FROM categorie WHERE Libelle='Super'), 90000, NULL, NULL, 1),
('Growler RR', (SELECT ID FROM marque WHERE Nom='Pfister'), (SELECT ID FROM categorie WHERE Libelle='Super'), 250000, NULL, NULL, 1),
('Reaper', (SELECT ID FROM marque WHERE Nom='Pegassi'), (SELECT ID FROM categorie WHERE Libelle='Super'), 750000, NULL, NULL, 1),
('X80 Proto', (SELECT ID FROM marque WHERE Nom='Grotti'), (SELECT ID FROM categorie WHERE Libelle='Super'), 90000, NULL, NULL, 1);



-- Muscles
INSERT INTO vehicule (NomModele, ID_Marque, ID_Categorie, PrixCatalogue, Description, Image, Actif) VALUES
('Blade', (SELECT ID FROM marque WHERE Nom='Vapid'), (SELECT ID FROM categorie WHERE Libelle='Muscles'), 45000, NULL, NULL, 1),
('Buccaneer', (SELECT ID FROM marque WHERE Nom='Albany'), (SELECT ID FROM categorie WHERE Libelle='Muscles'), 25000, NULL, NULL, 1),
('Buccaneer Rider', (SELECT ID FROM marque WHERE Nom='Albany'), (SELECT ID FROM categorie WHERE Libelle='Muscles'), 35000, NULL, NULL, 1),
('Chino', (SELECT ID FROM marque WHERE Nom='Albany'), (SELECT ID FROM categorie WHERE Libelle='Muscles'), 34000, NULL, NULL, 1),
('Chino Luxe', (SELECT ID FROM marque WHERE Nom='Albany'), (SELECT ID FROM categorie WHERE Libelle='Muscles'), 45000, NULL, NULL, 1),
('Clique', (SELECT ID FROM marque WHERE Nom='Vapid'), (SELECT ID FROM categorie WHERE Libelle='Muscles'), 45000, NULL, NULL, 1),
('Deviant', (SELECT ID FROM marque WHERE Nom='Schyster'), (SELECT ID FROM categorie WHERE Libelle='Muscles'), 65000, NULL, NULL, 1),
('Dominator', (SELECT ID FROM marque WHERE Nom='Vapid'), (SELECT ID FROM categorie WHERE Libelle='Muscles'), 45000, NULL, NULL, 1),
('Dominator2', (SELECT ID FROM marque WHERE Nom='Vapid'), (SELECT ID FROM categorie WHERE Libelle='Muscles'), 50000, NULL, NULL, 1),
('Dominator3', (SELECT ID FROM marque WHERE Nom='Vapid'), (SELECT ID FROM categorie WHERE Libelle='Muscles'), 52000, NULL, NULL, 1),
('Dominator GTX', (SELECT ID FROM marque WHERE Nom='Vapid'), (SELECT ID FROM categorie WHERE Libelle='Muscles'), 78000, NULL, NULL, 1),
('Dukes', (SELECT ID FROM marque WHERE Nom='Imponte'), (SELECT ID FROM categorie WHERE Libelle='Muscles'), 30000, NULL, NULL, 1),
('Dukes3', (SELECT ID FROM marque WHERE Nom='Imponte'), (SELECT ID FROM categorie WHERE Libelle='Muscles'), 34000, NULL, NULL, 1),
('Ellie', (SELECT ID FROM marque WHERE Nom='Vapid'), (SELECT ID FROM categorie WHERE Libelle='Muscles'), 55000, NULL, NULL, 1),
('Faction', (SELECT ID FROM marque WHERE Nom='Willard'), (SELECT ID FROM categorie WHERE Libelle='Muscles'), 25000, NULL, NULL, 1),
('Faction Rider', (SELECT ID FROM marque WHERE Nom='Willard'), (SELECT ID FROM categorie WHERE Libelle='Muscles'), 30000, NULL, NULL, 1),
('Faction3 (Donk)', (SELECT ID FROM marque WHERE Nom='Willard'), (SELECT ID FROM categorie WHERE Libelle='Muscles'), 38000, NULL, NULL, 1),
('Gauntlet', (SELECT ID FROM marque WHERE Nom='Bravado'), (SELECT ID FROM categorie WHERE Libelle='Muscles'), 35000, NULL, NULL, 1),
('Gauntlet2', (SELECT ID FROM marque WHERE Nom='Bravado'), (SELECT ID FROM categorie WHERE Libelle='Muscles'), 45000, NULL, NULL, 1),
('Gauntlet3', (SELECT ID FROM marque WHERE Nom='Bravado'), (SELECT ID FROM categorie WHERE Libelle='Muscles'), 52000, NULL, NULL, 1),
('Gauntlet4', (SELECT ID FROM marque WHERE Nom='Bravado'), (SELECT ID FROM categorie WHERE Libelle='Muscles'), 60000, NULL, NULL, 1),
('Gauntlet5', (SELECT ID FROM marque WHERE Nom='Bravado'), (SELECT ID FROM categorie WHERE Libelle='Muscles'), 65000, NULL, NULL, 1),
('Hermes', (SELECT ID FROM marque WHERE Nom='Albany'), (SELECT ID FROM categorie WHERE Libelle='Muscles'), 50000, NULL, NULL, 1),
('Hustler', (SELECT ID FROM marque WHERE Nom='Vapid'), (SELECT ID FROM categorie WHERE Libelle='Muscles'), 48000, NULL, NULL, 1),
('Hotknife', (SELECT ID FROM marque WHERE Nom='Vapid'), (SELECT ID FROM categorie WHERE Libelle='Muscles'), 60000, NULL, NULL, 1),
('Impaler', (SELECT ID FROM marque WHERE Nom='Declasse'), (SELECT ID FROM categorie WHERE Libelle='Muscles'), 45000, NULL, NULL, 1),
('Impaler2', (SELECT ID FROM marque WHERE Nom='Declasse'), (SELECT ID FROM categorie WHERE Libelle='Muscles'), 50000, NULL, NULL, 1),
('Impaler3', (SELECT ID FROM marque WHERE Nom='Declasse'), (SELECT ID FROM categorie WHERE Libelle='Muscles'), 52000, NULL, NULL, 1),
('Impaler4', (SELECT ID FROM marque WHERE Nom='Declasse'), (SELECT ID FROM categorie WHERE Libelle='Muscles'), 55000, NULL, NULL, 1),
('Nightshade', (SELECT ID FROM marque WHERE Nom='Imponte'), (SELECT ID FROM categorie WHERE Libelle='Muscles'), 52000, NULL, NULL, 1),
('Phoenix', (SELECT ID FROM marque WHERE Nom='Imponte'), (SELECT ID FROM categorie WHERE Libelle='Muscles'), 18000, NULL, NULL, 1),
('Picador', (SELECT ID FROM marque WHERE Nom='Vapid'), (SELECT ID FROM categorie WHERE Libelle='Muscles'), 15000, NULL, NULL, 1),
('Ratloader', (SELECT ID FROM marque WHERE Nom='Bravado'), (SELECT ID FROM categorie WHERE Libelle='Muscles'), 12000, NULL, NULL, 1),
('Ratloader2', (SELECT ID FROM marque WHERE Nom='Bravado'), (SELECT ID FROM categorie WHERE Libelle='Muscles'), 25000, NULL, NULL, 1),
('Ruiner', (SELECT ID FROM marque WHERE Nom='Imponte'), (SELECT ID FROM categorie WHERE Libelle='Muscles'), 35000, NULL, NULL, 1),
('Ruiner2', (SELECT ID FROM marque WHERE Nom='Imponte'), (SELECT ID FROM categorie WHERE Libelle='Muscles'), 45000, NULL, NULL, 1),
('Sabre Turbo', (SELECT ID FROM marque WHERE Nom='Declasse'), (SELECT ID FROM categorie WHERE Libelle='Muscles'), 32000, NULL, NULL, 1),
('Sabre Turbo Custom', (SELECT ID FROM marque WHERE Nom='Declasse'), (SELECT ID FROM categorie WHERE Libelle='Muscles'), 38000, NULL, NULL, 1),
('Tampa', (SELECT ID FROM marque WHERE Nom='Declasse'), (SELECT ID FROM categorie WHERE Libelle='Muscles'), 38000, NULL, NULL, 1),
('Tampa2', (SELECT ID FROM marque WHERE Nom='Declasse'), (SELECT ID FROM categorie WHERE Libelle='Muscles'), 75000, NULL, NULL, 1),
('Vigero', (SELECT ID FROM marque WHERE Nom='Declasse'), (SELECT ID FROM categorie WHERE Libelle='Muscles'), 28000, NULL, NULL, 1),
('Virgo', (SELECT ID FROM marque WHERE Nom='Albany'), (SELECT ID FROM categorie WHERE Libelle='Muscles'), 32000, NULL, NULL, 1),
('Yosemite', (SELECT ID FROM marque WHERE Nom='Declasse'), (SELECT ID FROM categorie WHERE Libelle='Muscles'), 42000, NULL, NULL, 1),
('Vamos', (SELECT ID FROM marque WHERE Nom='Declasse'), (SELECT ID FROM categorie WHERE Libelle='Muscles'), 29250, NULL, NULL, 1),
('Tulip', (SELECT ID FROM marque WHERE Nom='Declasse'), (SELECT ID FROM categorie WHERE Libelle='Muscles'), 29250, NULL, NULL, 1),
('Yosemite3', (SELECT ID FROM marque WHERE Nom='Declasse'), (SELECT ID FROM categorie WHERE Libelle='Muscles'), 16000, NULL, NULL, 1),
('Voodoo', (SELECT ID FROM marque WHERE Nom='Declasse'), (SELECT ID FROM categorie WHERE Libelle='Muscles'), 22000, NULL, NULL, 1);



-- Compacts
INSERT INTO vehicule (NomModele, ID_Marque, ID_Categorie, PrixCatalogue, Description, Image, Actif) VALUES
('Asbo', (SELECT ID FROM marque WHERE Nom='Maxwell'), (SELECT ID FROM categorie WHERE Libelle='Compact'), 10000, NULL, NULL, 1),
('Blista', (SELECT ID FROM marque WHERE Nom='Dinka'), (SELECT ID FROM categorie WHERE Libelle='Compact'), 16000, NULL, NULL, 1),
('Blista Compact (Blista2)', (SELECT ID FROM marque WHERE Nom='Dinka'), (SELECT ID FROM categorie WHERE Libelle='Compact'), 20000, NULL, NULL, 1),
('Brioso RA (Brioso)', (SELECT ID FROM marque WHERE Nom='Grotti'), (SELECT ID FROM categorie WHERE Libelle='Compact'), 18000, NULL, NULL, 1),
('Brioso 300 (Brioso2)', (SELECT ID FROM marque WHERE Nom='Grotti'), (SELECT ID FROM categorie WHERE Libelle='Compact'), 16000, NULL, NULL, 1),
('Club', (SELECT ID FROM marque WHERE Nom='BF'), (SELECT ID FROM categorie WHERE Libelle='Compact'), 22000, NULL, NULL, 1),
('Dilettante', (SELECT ID FROM marque WHERE Nom='Karin'), (SELECT ID FROM categorie WHERE Libelle='Compact'), 12000, NULL, NULL, 1),
('Issi', (SELECT ID FROM marque WHERE Nom='Weeny'), (SELECT ID FROM categorie WHERE Libelle='Compact'), 10000, NULL, NULL, 1),
('Weevil', (SELECT ID FROM marque WHERE Nom='BF'), (SELECT ID FROM categorie WHERE Libelle='Compact'), 8000, NULL, NULL, 1);



-- Coupes
INSERT INTO vehicule (NomModele, ID_Marque, ID_Categorie, PrixCatalogue, Description, Image, Actif) VALUES
('Cognoscenti Cabrio', (SELECT ID FROM marque WHERE Nom='Enus'), (SELECT ID FROM categorie WHERE Libelle='Coupe'), 60000, NULL, NULL, 1),
('Exemplar', (SELECT ID FROM marque WHERE Nom='Dewbauchee'), (SELECT ID FROM categorie WHERE Libelle='Coupe'), 55000, NULL, NULL, 1),
('F620', (SELECT ID FROM marque WHERE Nom='Ocelot'), (SELECT ID FROM categorie WHERE Libelle='Coupe'), 45000, NULL, NULL, 1),
('Felon', (SELECT ID FROM marque WHERE Nom='Lampadati'), (SELECT ID FROM categorie WHERE Libelle='Coupe'), 40000, NULL, NULL, 1),
('Felon GT', (SELECT ID FROM marque WHERE Nom='Lampadati'), (SELECT ID FROM categorie WHERE Libelle='Coupe'), 50000, NULL, NULL, 1),
('Windsor', (SELECT ID FROM marque WHERE Nom='Enus'), (SELECT ID FROM categorie WHERE Libelle='Coupe'), 75000, NULL, NULL, 1),
('Windsor2', (SELECT ID FROM marque WHERE Nom='Enus'), (SELECT ID FROM categorie WHERE Libelle='Coupe'), 85000, NULL, NULL, 1),
('Zion', (SELECT ID FROM marque WHERE Nom='Ubermacht'), (SELECT ID FROM categorie WHERE Libelle='Coupe'), 28000, NULL, NULL, 1),
('Zion2', (SELECT ID FROM marque WHERE Nom='Ubermacht'), (SELECT ID FROM categorie WHERE Libelle='Coupe'), 34000, NULL, NULL, 1),
('Zion3', (SELECT ID FROM marque WHERE Nom='Ubermacht'), (SELECT ID FROM categorie WHERE Libelle='Coupe'), 36000, NULL, NULL, 1);



-- Sedans
INSERT INTO vehicule (NomModele, ID_Marque, ID_Categorie, PrixCatalogue, Description, Image, Actif) VALUES
('Asea', (SELECT ID FROM marque WHERE Nom='Declasse'), (SELECT ID FROM categorie WHERE Libelle='Sedans'), 14500, NULL, NULL, 1),
('Asterope', (SELECT ID FROM marque WHERE Nom='Karin'), (SELECT ID FROM categorie WHERE Libelle='Sedans'), 18000, NULL, NULL, 1),
('Cheburek', (SELECT ID FROM marque WHERE Nom='RUNE'), (SELECT ID FROM categorie WHERE Libelle='Sedans'), 12000, NULL, NULL, 1),
('Cognoscenti', (SELECT ID FROM marque WHERE Nom='Enus'), (SELECT ID FROM categorie WHERE Libelle='Sedans'), 70000, NULL, NULL, 1),
('Emperor', (SELECT ID FROM marque WHERE Nom='Albany'), (SELECT ID FROM categorie WHERE Libelle='Sedans'), 7000, NULL, NULL, 1),
('Emperor2', (SELECT ID FROM marque WHERE Nom='Albany'), (SELECT ID FROM categorie WHERE Libelle='Sedans'), 8000, NULL, NULL, 1),
('Fugitive', (SELECT ID FROM marque WHERE Nom='Cheval'), (SELECT ID FROM categorie WHERE Libelle='Sedans'), 25000, NULL, NULL, 1),
('Glendale', (SELECT ID FROM marque WHERE Nom='Benefactor'), (SELECT ID FROM categorie WHERE Libelle='Sedans'), 12000, NULL, NULL, 1),
('Glendale Custom', (SELECT ID FROM marque WHERE Nom='Benefactor'), (SELECT ID FROM categorie WHERE Libelle='Sedans'), 18000, NULL, NULL, 1),
('Intruder', (SELECT ID FROM marque WHERE Nom='Karin'), (SELECT ID FROM categorie WHERE Libelle='Sedans'), 9000, NULL, NULL, 1),
('Premier', (SELECT ID FROM marque WHERE Nom='Declasse'), (SELECT ID FROM categorie WHERE Libelle='Sedans'), 15000, NULL, NULL, 1),
('Primo', (SELECT ID FROM marque WHERE Nom='Albany'), (SELECT ID FROM categorie WHERE Libelle='Sedans'), 20000, NULL, NULL, 1),
('Primo Custom', (SELECT ID FROM marque WHERE Nom='Albany'), (SELECT ID FROM categorie WHERE Libelle='Sedans'), 30000, NULL, NULL, 1),
('Raiden', (SELECT ID FROM marque WHERE Nom='Coil'), (SELECT ID FROM categorie WHERE Libelle='Sedans'), 110000, NULL, NULL, 1),
('Schafter', (SELECT ID FROM marque WHERE Nom='Benefactor'), (SELECT ID FROM categorie WHERE Libelle='Sedans'), 20000, NULL, NULL, 1),
('Stanier', (SELECT ID FROM marque WHERE Nom='Vapid'), (SELECT ID FROM categorie WHERE Libelle='Sedans'), 20000, NULL, NULL, 1),
('Stratum', (SELECT ID FROM marque WHERE Nom='Zirconium'), (SELECT ID FROM categorie WHERE Libelle='Sedans'), 25000, NULL, NULL, 1),
('Surge', (SELECT ID FROM marque WHERE Nom='Cheval'), (SELECT ID FROM categorie WHERE Libelle='Sedans'), 25000, NULL, NULL, 1),
('Tailgater', (SELECT ID FROM marque WHERE Nom='Obey'), (SELECT ID FROM categorie WHERE Libelle='Sedans'), 20000, NULL, NULL, 1),
('Tailgater2', (SELECT ID FROM marque WHERE Nom='Obey'), (SELECT ID FROM categorie WHERE Libelle='Sedans'), 100000, NULL, NULL, 1),
('Washington', (SELECT ID FROM marque WHERE Nom='Vapid'), (SELECT ID FROM categorie WHERE Libelle='Sedans'), 18000, NULL, NULL, 1),
('Cinquemila', (SELECT ID FROM marque WHERE Nom='Lampadati'), (SELECT ID FROM categorie WHERE Libelle='Sedans'), 65000, NULL, NULL, 1),
('Deity', (SELECT ID FROM marque WHERE Nom='Enus'), (SELECT ID FROM categorie WHERE Libelle='Sedans'), 69000, NULL, NULL, 1);


-- Motos
INSERT INTO vehicule (NomModele, ID_Marque, ID_Categorie, PrixCatalogue, Description, Image, Actif) VALUES
('Avarus', (SELECT ID FROM marque WHERE Nom='Western Motorcycle Company'), (SELECT ID FROM categorie WHERE Libelle='Moto'), 22000, NULL, NULL, 1),
('Bagger', (SELECT ID FROM marque WHERE Nom='Western Motorcycle Company'), (SELECT ID FROM categorie WHERE Libelle='Moto'), 13000, NULL, NULL, 1),
('Bati 801', (SELECT ID FROM marque WHERE Nom='Pegassi'), (SELECT ID FROM categorie WHERE Libelle='Moto'), 16000, NULL, NULL, 1),
('Bati 801RR', (SELECT ID FROM marque WHERE Nom='Pegassi'), (SELECT ID FROM categorie WHERE Libelle='Moto'), 21000, NULL, NULL, 1),
('BF400', (SELECT ID FROM marque WHERE Nom='Nagasaki'), (SELECT ID FROM categorie WHERE Libelle='Moto'), 8500, NULL, NULL, 1),
('Carbon RS', (SELECT ID FROM marque WHERE Nom='Nagasaki'), (SELECT ID FROM categorie WHERE Libelle='Moto'), 28000, NULL, NULL, 1),
('Cliffhanger', (SELECT ID FROM marque WHERE Nom='Western Motorcycle Company'), (SELECT ID FROM categorie WHERE Libelle='Moto'), 22000, NULL, NULL, 1),
('Cruiser', (SELECT ID FROM marque WHERE Nom='Western Motorcycle Company'), (SELECT ID FROM categorie WHERE Libelle='Moto'), 7000, NULL, NULL, 1),
('Daemon', (SELECT ID FROM marque WHERE Nom='Western Motorcycle Company'), (SELECT ID FROM categorie WHERE Libelle='Moto'), 10000, NULL, NULL, 1),
('Daemon High', (SELECT ID FROM marque WHERE Nom='Western Motorcycle Company'), (SELECT ID FROM categorie WHERE Libelle='Moto'), 12000, NULL, NULL, 1),
('Defiler', (SELECT ID FROM marque WHERE Nom='Shitzu'), (SELECT ID FROM categorie WHERE Libelle='Moto'), 27000, NULL, NULL, 1),
('Diabolus', (SELECT ID FROM marque WHERE Nom='Principe'), (SELECT ID FROM categorie WHERE Libelle='Moto'), 18000, NULL, NULL, 1),
('Diabolus Custom (Diabolus2)', (SELECT ID FROM marque WHERE Nom='Principe'), (SELECT ID FROM categorie WHERE Libelle='Moto'), 22000, NULL, NULL, 1),
('Double T', (SELECT ID FROM marque WHERE Nom='Dinka'), (SELECT ID FROM categorie WHERE Libelle='Moto'), 30000, NULL, NULL, 1),
('Enduro', (SELECT ID FROM marque WHERE Nom='Dinka'), (SELECT ID FROM categorie WHERE Libelle='Moto'), 6000, NULL, NULL, 1),
('Esskey', (SELECT ID FROM marque WHERE Nom='Pegassi'), (SELECT ID FROM categorie WHERE Libelle='Moto'), 8000, NULL, NULL, 1),
('Faggio', (SELECT ID FROM marque WHERE Nom='Pegassi'), (SELECT ID FROM categorie WHERE Libelle='Moto'), 4000, NULL, NULL, 1),
('Faggio Mod (Faggio2)', (SELECT ID FROM marque WHERE Nom='Pegassi'), (SELECT ID FROM categorie WHERE Libelle='Moto'), 5000, NULL, NULL, 1),
('FCR', (SELECT ID FROM marque WHERE Nom='Pegassi'), (SELECT ID FROM categorie WHERE Libelle='Moto'), 40000, NULL, NULL, 1),
('FCR2', (SELECT ID FROM marque WHERE Nom='Pegassi'), (SELECT ID FROM categorie WHERE Libelle='Moto'), 45000, NULL, NULL, 1),
('Gargoyle', (SELECT ID FROM marque WHERE Nom='Western Motorcycle Company'), (SELECT ID FROM categorie WHERE Libelle='Moto'), 14000, NULL, NULL, 1),
('Hakuchou', (SELECT ID FROM marque WHERE Nom='Shitzu'), (SELECT ID FROM categorie WHERE Libelle='Moto'), 28000, NULL, NULL, 1),
('Hakuchou Drag', (SELECT ID FROM marque WHERE Nom='Shitzu'), (SELECT ID FROM categorie WHERE Libelle='Moto'), 40000, NULL, NULL, 1),
('Hexer', (SELECT ID FROM marque WHERE Nom='Liberty City Cycles'), (SELECT ID FROM categorie WHERE Libelle='Moto'), 12000, NULL, NULL, 1),
('Innovation', (SELECT ID FROM marque WHERE Nom='Liberty City Cycles'), (SELECT ID FROM categorie WHERE Libelle='Moto'), 18000, NULL, NULL, 1),
('Manchez', (SELECT ID FROM marque WHERE Nom='Maibatsu'), (SELECT ID FROM categorie WHERE Libelle='Moto'), 15000, NULL, NULL, 1),
('Nightblade', (SELECT ID FROM marque WHERE Nom='Western Motorcycle Company'), (SELECT ID FROM categorie WHERE Libelle='Moto'), 50000, NULL, NULL, 1),
('Nemesis', (SELECT ID FROM marque WHERE Nom='Principe'), (SELECT ID FROM categorie WHERE Libelle='Moto'), 25000, NULL, NULL, 1),
('Ruffian', (SELECT ID FROM marque WHERE Nom='Pegassi'), (SELECT ID FROM categorie WHERE Libelle='Moto'), 13000, NULL, NULL, 1),
('Sanchez', (SELECT ID FROM marque WHERE Nom='Maibatsu'), (SELECT ID FROM categorie WHERE Libelle='Moto'), 7500, NULL, NULL, 1),
('Sanchez2 (Sanchez Sport)', (SELECT ID FROM marque WHERE Nom='Maibatsu'), (SELECT ID FROM categorie WHERE Libelle='Moto'), 10500, NULL, NULL, 1),
('Sanctus', (SELECT ID FROM marque WHERE Nom='Western Motorcycle Company'), (SELECT ID FROM categorie WHERE Libelle='Moto'), 75000, NULL, NULL, 1),
('Vader', (SELECT ID FROM marque WHERE Nom='Shitzu'), (SELECT ID FROM categorie WHERE Libelle='Moto'), 12000, NULL, NULL, 1),
('Vindicator', (SELECT ID FROM marque WHERE Nom='Dinka'), (SELECT ID FROM categorie WHERE Libelle='Moto'), 35000, NULL, NULL, 1),
('Vortex', (SELECT ID FROM marque WHERE Nom='Pegassi'), (SELECT ID FROM categorie WHERE Libelle='Moto'), 20000, NULL, NULL, 1),
('Wolfsbane', (SELECT ID FROM marque WHERE Nom='Western Motorcycle Company'), (SELECT ID FROM categorie WHERE Libelle='Moto'), 8500, NULL, NULL, 1),
('Zombie', (SELECT ID FROM marque WHERE Nom='Western Motorcycle Company'), (SELECT ID FROM categorie WHERE Libelle='Moto'), 9500, NULL, NULL, 1),
('Zombie2', (SELECT ID FROM marque WHERE Nom='Western Motorcycle Company'), (SELECT ID FROM categorie WHERE Libelle='Moto'), 12000, NULL, NULL, 1),
('Reever', (SELECT ID FROM marque WHERE Nom='Western Motorcycle Company'), (SELECT ID FROM categorie WHERE Libelle='Moto'), 20000, NULL, NULL, 1),
('Shinobi', (SELECT ID FROM marque WHERE Nom='Pegassi'), (SELECT ID FROM categorie WHERE Libelle='Moto'), 29000, NULL, NULL, 1);



-- SUVs
INSERT INTO vehicule (NomModele, ID_Marque, ID_Categorie, PrixCatalogue, Description, Image, Actif) VALUES
('Baller Sport', (SELECT ID FROM marque WHERE Nom='Gallivanter'), (SELECT ID FROM categorie WHERE Libelle='SUV'), 55000, NULL, NULL, 1),
('BJXL', (SELECT ID FROM marque WHERE Nom='Karin'), (SELECT ID FROM categorie WHERE Libelle='SUV'), 35000, NULL, NULL, 1),
('Cavalcade', (SELECT ID FROM marque WHERE Nom='Albany'), (SELECT ID FROM categorie WHERE Libelle='SUV'), 30000, NULL, NULL, 1),
('Cavalcade2', (SELECT ID FROM marque WHERE Nom='Albany'), (SELECT ID FROM categorie WHERE Libelle='SUV'), 35000, NULL, NULL, 1),
('Granger', (SELECT ID FROM marque WHERE Nom='Declasse'), (SELECT ID FROM categorie WHERE Libelle='SUV'), 45000, NULL, NULL, 1),
('Gresley', (SELECT ID FROM marque WHERE Nom='Bravado'), (SELECT ID FROM categorie WHERE Libelle='SUV'), 50000, NULL, NULL, 1),
('Habanero', (SELECT ID FROM marque WHERE Nom='Emperor'), (SELECT ID FROM categorie WHERE Libelle='SUV'), 20000, NULL, NULL, 1),
('Huntley S', (SELECT ID FROM marque WHERE Nom='Enus'), (SELECT ID FROM categorie WHERE Libelle='SUV'), 85000, NULL, NULL, 1),
('Radius', (SELECT ID FROM marque WHERE Nom='Vapid'), (SELECT ID FROM categorie WHERE Libelle='SUV'), 22000, NULL, NULL, 1),
('Seminole', (SELECT ID FROM marque WHERE Nom='Canis'), (SELECT ID FROM categorie WHERE Libelle='SUV'), 20000, NULL, NULL, 1),
('Seminole2', (SELECT ID FROM marque WHERE Nom='Canis'), (SELECT ID FROM categorie WHERE Libelle='SUV'), 35000, NULL, NULL, 1),
('Toros', (SELECT ID FROM marque WHERE Nom='Pegassi'), (SELECT ID FROM categorie WHERE Libelle='SUV'), 91000, NULL, NULL, 1),
('Novak', (SELECT ID FROM marque WHERE Nom='Lampadati'), (SELECT ID FROM categorie WHERE Libelle='SUV'), 45000, NULL, NULL, 1),
('Landstalker', (SELECT ID FROM marque WHERE Nom='Dundreary'), (SELECT ID FROM categorie WHERE Libelle='SUV'), 25000, NULL, NULL, 1),
('Landstalker2', (SELECT ID FROM marque WHERE Nom='Dundreary'), (SELECT ID FROM categorie WHERE Libelle='SUV'), 35000, NULL, NULL, 1),
('Rebla', (SELECT ID FROM marque WHERE Nom='Ubermacht'), (SELECT ID FROM categorie WHERE Libelle='SUV'), 35000, NULL, NULL, 1),
('Rocoto', (SELECT ID FROM marque WHERE Nom='Obey'), (SELECT ID FROM categorie WHERE Libelle='SUV'), 35000, NULL, NULL, 1),
('XLS', (SELECT ID FROM marque WHERE Nom='Benefactor'), (SELECT ID FROM categorie WHERE Libelle='SUV'), 32000, NULL, NULL, 1),
('Astron', (SELECT ID FROM marque WHERE Nom='Pfister'), (SELECT ID FROM categorie WHERE Libelle='SUV'), 103000, NULL, NULL, 1),
('Baller7 (Baller ST)', (SELECT ID FROM marque WHERE Nom='Gallivanter'), (SELECT ID FROM categorie WHERE Libelle='SUV'), 55000, NULL, NULL, 1),
('Granger2 (3600LX)', (SELECT ID FROM marque WHERE Nom='Declasse'), (SELECT ID FROM categorie WHERE Libelle='SUV'), 65000, NULL, NULL, 1),
('Iwagen', (SELECT ID FROM marque WHERE Nom='Obey'), (SELECT ID FROM categorie WHERE Libelle='SUV'), 66000, NULL, NULL, 1),
('Jubilee', (SELECT ID FROM marque WHERE Nom='Enus'), (SELECT ID FROM categorie WHERE Libelle='SUV'), 67000, NULL, NULL, 1),
('Patriot', (SELECT ID FROM marque WHERE Nom='Mammoth'), (SELECT ID FROM categorie WHERE Libelle='SUV'), 45000, NULL, NULL, 1),
('Patriot2', (SELECT ID FROM marque WHERE Nom='Mammoth'), (SELECT ID FROM categorie WHERE Libelle='SUV'), 120000, NULL, NULL, 1);



-- OFFROAD
INSERT INTO vehicule (NomModele, ID_Marque, ID_Categorie, PrixCatalogue, Description, Image, Actif) VALUES
('BF Injection', (SELECT ID FROM marque WHERE Nom='BF'), (SELECT ID FROM categorie WHERE Libelle='Offroad'), 22000, NULL, NULL, 1),
('Bifta', (SELECT ID FROM marque WHERE Nom='BF'), (SELECT ID FROM categorie WHERE Libelle='Offroad'), 18000, NULL, NULL, 1),
('Blazer', (SELECT ID FROM marque WHERE Nom='Nagasaki'), (SELECT ID FROM categorie WHERE Libelle='Offroad'), 14000, NULL, NULL, 1),
('Blazer4', (SELECT ID FROM marque WHERE Nom='Nagasaki'), (SELECT ID FROM categorie WHERE Libelle='Offroad'), 16000, NULL, NULL, 1),
('Brawler', (SELECT ID FROM marque WHERE Nom='Coil'), (SELECT ID FROM categorie WHERE Libelle='Offroad'), 75000, NULL, NULL, 1),
('Dubsta 6x6', (SELECT ID FROM marque WHERE Nom='Benefactor'), (SELECT ID FROM categorie WHERE Libelle='Offroad'), 90000, NULL, NULL, 1),
('Dloader', (SELECT ID FROM marque WHERE Nom='Karin'), (SELECT ID FROM categorie WHERE Libelle='Offroad'), 30000, NULL, NULL, 1),
('Dune Buggy', (SELECT ID FROM marque WHERE Nom='BF'), (SELECT ID FROM categorie WHERE Libelle='Offroad'), 15000, NULL, NULL, 1),
('Everon', (SELECT ID FROM marque WHERE Nom='Karin'), (SELECT ID FROM categorie WHERE Libelle='Offroad'), 65000, NULL, NULL, 1),
('Guardian', (SELECT ID FROM marque WHERE Nom='Vapid'), (SELECT ID FROM categorie WHERE Libelle='Offroad'), 55000, NULL, NULL, 1),
('Hellion', (SELECT ID FROM marque WHERE Nom='Annis'), (SELECT ID FROM categorie WHERE Libelle='Offroad'), 42000, NULL, NULL, 1),
('Freecrawler', (SELECT ID FROM marque WHERE Nom='Canis'), (SELECT ID FROM categorie WHERE Libelle='Offroad'), 50000, NULL, NULL, 1),
('Kamacho', (SELECT ID FROM marque WHERE Nom='Canis'), (SELECT ID FROM categorie WHERE Libelle='Offroad'), 150000, NULL, NULL, 1),
('Kalahari', (SELECT ID FROM marque WHERE Nom='Canis'), (SELECT ID FROM categorie WHERE Libelle='Offroad'), 22000, NULL, NULL, 1),
('Outlaw', (SELECT ID FROM marque WHERE Nom='Nagasaki'), (SELECT ID FROM categorie WHERE Libelle='Offroad'), 40000, NULL, NULL, 1),
('Rebel', (SELECT ID FROM marque WHERE Nom='Karin'), (SELECT ID FROM categorie WHERE Libelle='Offroad'), 25000, NULL, NULL, 1),
('Rebel2', (SELECT ID FROM marque WHERE Nom='Karin'), (SELECT ID FROM categorie WHERE Libelle='Offroad'), 30000, NULL, NULL, 1),
('Riata', (SELECT ID FROM marque WHERE Nom='Vapid'), (SELECT ID FROM categorie WHERE Libelle='Offroad'), 80000, NULL, NULL, 1),
('Sandking', (SELECT ID FROM marque WHERE Nom='Vapid'), (SELECT ID FROM categorie WHERE Libelle='Offroad'), 60000, NULL, NULL, 1),
('Sandking2', (SELECT ID FROM marque WHERE Nom='Vapid'), (SELECT ID FROM categorie WHERE Libelle='Offroad'), 50000, NULL, NULL, 1),
('Squaddie', (SELECT ID FROM marque WHERE Nom='Mammoth'), (SELECT ID FROM categorie WHERE Libelle='Offroad'), 40000, NULL, NULL, 1),
('Vagrant', (SELECT ID FROM marque WHERE Nom='Maxwell'), (SELECT ID FROM categorie WHERE Libelle='Offroad'), 45000, NULL, NULL, 1),
('Verus', (SELECT ID FROM marque WHERE Nom='Dinka'), (SELECT ID FROM categorie WHERE Libelle='Offroad'), 45000, NULL, NULL, 1),
('Caracara2', (SELECT ID FROM marque WHERE Nom='Vapid'), (SELECT ID FROM categorie WHERE Libelle='Offroad'), 55000, NULL, NULL, 1);



-- Vans / Utilitaires
INSERT INTO vehicule (NomModele, ID_Marque, ID_Categorie, PrixCatalogue, Description, Image, Actif) VALUES
('Bison', (SELECT ID FROM marque WHERE Nom='Bravado'), (SELECT ID FROM categorie WHERE Libelle='Vans utilitaire'), 28000, NULL, NULL, 1),
('Bison2', (SELECT ID FROM marque WHERE Nom='Bravado'), (SELECT ID FROM categorie WHERE Libelle='Vans utilitaire'), 30000, NULL, NULL, 1),
('Burrito2', (SELECT ID FROM marque WHERE Nom='Declasse'), (SELECT ID FROM categorie WHERE Libelle='Vans utilitaire'), 22000, NULL, NULL, 1),
('Burrito3', (SELECT ID FROM marque WHERE Nom='Declasse'), (SELECT ID FROM categorie WHERE Libelle='Vans utilitaire'), 55000, NULL, NULL, 1),
('Burrito4', (SELECT ID FROM marque WHERE Nom='Declasse'), (SELECT ID FROM categorie WHERE Libelle='Vans utilitaire'), 25000, NULL, NULL, 1),
('Gang Burrito', (SELECT ID FROM marque WHERE Nom='Declasse'), (SELECT ID FROM categorie WHERE Libelle='Vans utilitaire'), 30000, NULL, NULL, 1),
('Bobcat XL', (SELECT ID FROM marque WHERE Nom='Vapid'), (SELECT ID FROM categorie WHERE Libelle='Vans utilitaire'), 35000, NULL, NULL, 1),
('Speedo', (SELECT ID FROM marque WHERE Nom='Vapid'), (SELECT ID FROM categorie WHERE Libelle='Vans utilitaire'), 16000, NULL, NULL, 1),
('Speedo2', (SELECT ID FROM marque WHERE Nom='Vapid'), (SELECT ID FROM categorie WHERE Libelle='Vans utilitaire'), 18000, NULL, NULL, 1),
('Rumpo', (SELECT ID FROM marque WHERE Nom='Bravado'), (SELECT ID FROM categorie WHERE Libelle='Vans utilitaire'), 12000, NULL, NULL, 1),
('Rumpo2', (SELECT ID FROM marque WHERE Nom='Bravado'), (SELECT ID FROM categorie WHERE Libelle='Vans utilitaire'), 15000, NULL, NULL, 1),
('Rumpo3', (SELECT ID FROM marque WHERE Nom='Bravado'), (SELECT ID FROM categorie WHERE Libelle='Vans utilitaire'), 20000, NULL, NULL, 1),
('Moonbeam', (SELECT ID FROM marque WHERE Nom='Declasse'), (SELECT ID FROM categorie WHERE Libelle='Vans utilitaire'), 16000, NULL, NULL, 1),
('Moonbeam Rider', (SELECT ID FROM marque WHERE Nom='Declasse'), (SELECT ID FROM categorie WHERE Libelle='Vans utilitaire'), 30000, NULL, NULL, 1),
('Youga', (SELECT ID FROM marque WHERE Nom='Bravado'), (SELECT ID FROM categorie WHERE Libelle='Vans utilitaire'), 18000, NULL, NULL, 1),
('Youga2', (SELECT ID FROM marque WHERE Nom='Bravado'), (SELECT ID FROM categorie WHERE Libelle='Vans utilitaire'), 22000, NULL, NULL, 1),
('Youga3', (SELECT ID FROM marque WHERE Nom='Bravado'), (SELECT ID FROM categorie WHERE Libelle='Vans utilitaire'), 30000, NULL, NULL, 1),
('Youga4', (SELECT ID FROM marque WHERE Nom='Bravado'), (SELECT ID FROM categorie WHERE Libelle='Vans utilitaire'), 20000, NULL, NULL, 1),
('Boxville', (SELECT ID FROM marque WHERE Nom='Brute'), (SELECT ID FROM categorie WHERE Libelle='Vans utilitaire'), 25000, NULL, NULL, 1),
('Boxville2', (SELECT ID FROM marque WHERE Nom='Brute'), (SELECT ID FROM categorie WHERE Libelle='Vans utilitaire'), 30000, NULL, NULL, 1),
('Boxville3', (SELECT ID FROM marque WHERE Nom='Brute'), (SELECT ID FROM categorie WHERE Libelle='Vans utilitaire'), 35000, NULL, NULL, 1),
('Mule', (SELECT ID FROM marque WHERE Nom='Maibatsu'), (SELECT ID FROM categorie WHERE Libelle='Vans utilitaire'), 38000, NULL, NULL, 1),
('Mule2', (SELECT ID FROM marque WHERE Nom='Maibatsu'), (SELECT ID FROM categorie WHERE Libelle='Vans utilitaire'), 45000, NULL, NULL, 1),
('Mule3', (SELECT ID FROM marque WHERE Nom='Maibatsu'), (SELECT ID FROM categorie WHERE Libelle='Vans utilitaire'), 50000, NULL, NULL, 1),
('Benson', (SELECT ID FROM marque WHERE Nom='Vapid'), (SELECT ID FROM categorie WHERE Libelle='Vans utilitaire'), 30000, NULL, NULL, 1),
('New Speedo (nspeedo)', (SELECT ID FROM marque WHERE Nom='Vapid'), (SELECT ID FROM categorie WHERE Libelle='Vans utilitaire'), 85000, NULL, NULL, 1),
('Burrito6', (SELECT ID FROM marque WHERE Nom='Declasse'), (SELECT ID FROM categorie WHERE Libelle='Vans utilitaire'), 86000, NULL, NULL, 1);



-- Boats
INSERT INTO vehicule (NomModele, ID_Marque, ID_Categorie, PrixCatalogue, Description, Image, Actif) VALUES
('Dinghy', (SELECT ID FROM marque WHERE Nom='Nagasaki'), (SELECT ID FROM categorie WHERE Libelle='Boat'), 25000, NULL, NULL, 1),
('Dinghy2', (SELECT ID FROM marque WHERE Nom='Nagasaki'), (SELECT ID FROM categorie WHERE Libelle='Boat'), 28000, NULL, NULL, 1),
('Dinghy4', (SELECT ID FROM marque WHERE Nom='Nagasaki'), (SELECT ID FROM categorie WHERE Libelle='Boat'), 250000, NULL, NULL, 1),
('Jetmax', (SELECT ID FROM marque WHERE Nom='Shitzu'), (SELECT ID FROM categorie WHERE Libelle='Boat'), 45000, NULL, NULL, 1),
('Marquis', (SELECT ID FROM marque WHERE Nom='Dinka'), (SELECT ID FROM categorie WHERE Libelle='Boat'), 60000, NULL, NULL, 1),
('Seashark', (SELECT ID FROM marque WHERE Nom='Speedophile'), (SELECT ID FROM categorie WHERE Libelle='Boat'), 9000, NULL, NULL, 1),
('Seashark2', (SELECT ID FROM marque WHERE Nom='Speedophile'), (SELECT ID FROM categorie WHERE Libelle='Boat'), 10000, NULL, NULL, 1),
('Speeder', (SELECT ID FROM marque WHERE Nom='Pegassi'), (SELECT ID FROM categorie WHERE Libelle='Boat'), 45000, NULL, NULL, 1),
('Speeder2', (SELECT ID FROM marque WHERE Nom='Pegassi'), (SELECT ID FROM categorie WHERE Libelle='Boat'), 50000, NULL, NULL, 1),
('Squalo', (SELECT ID FROM marque WHERE Nom='Shitzu'), (SELECT ID FROM categorie WHERE Libelle='Boat'), 38000, NULL, NULL, 1),
('Suntrap', (SELECT ID FROM marque WHERE Nom='Shitzu'), (SELECT ID FROM categorie WHERE Libelle='Boat'), 28000, NULL, NULL, 1),
('Toro2', (SELECT ID FROM marque WHERE Nom='Lampadati'), (SELECT ID FROM categorie WHERE Libelle='Boat'), 500000, NULL, NULL, 1),
('Tropic', (SELECT ID FROM marque WHERE Nom='Shitzu'), (SELECT ID FROM categorie WHERE Libelle='Boat'), 38000, NULL, NULL, 1),
('Tropic2', (SELECT ID FROM marque WHERE Nom='Shitzu'), (SELECT ID FROM categorie WHERE Libelle='Boat'), 42000, NULL, NULL, 1),
('Longfin', (SELECT ID FROM marque WHERE Nom='Shitzu'), (SELECT ID FROM categorie WHERE Libelle='Boat'), 700000, NULL, NULL, 1),
('Patrol Boat', (SELECT ID FROM marque WHERE Nom='Nagasaki'), (SELECT ID FROM categorie WHERE Libelle='Boat'), 75000, NULL, NULL, 1),
('Kraken', (SELECT ID FROM marque WHERE Nom='Kraken Submersibles'), (SELECT ID FROM categorie WHERE Libelle='Boat'), 220000, NULL, NULL, 1),
('Catalina Dinghy', (SELECT ID FROM marque WHERE Nom='Nagasaki'), (SELECT ID FROM categorie WHERE Libelle='Boat'), 38000, NULL, NULL, 1),
('Submersible', (SELECT ID FROM marque WHERE Nom='Kraken Submersibles'), (SELECT ID FROM categorie WHERE Libelle='Boat'), 450000, NULL, NULL, 1),
('Yacht SR650 (sr650fly)', (SELECT ID FROM marque WHERE Nom='Dinka'), (SELECT ID FROM categorie WHERE Libelle='Boat'), 4000000, NULL, NULL, 1);



-- AIRCRAFT
INSERT INTO vehicule (NomModele, ID_Marque, ID_Categorie, PrixCatalogue, Description, Image, Actif) VALUES
('Cuban 800', (SELECT ID FROM marque WHERE Nom='Western Company'), (SELECT ID FROM categorie WHERE Libelle='Aircraft'), 120000, NULL, NULL, 1),
('Dodo', (SELECT ID FROM marque WHERE Nom='Mammoth'), (SELECT ID FROM categorie WHERE Libelle='Aircraft'), 150000, NULL, NULL, 1),
('Frogger', (SELECT ID FROM marque WHERE Nom='Buckingham'), (SELECT ID FROM categorie WHERE Libelle='Aircraft'), 250000, NULL, NULL, 1),
('Frogger2', (SELECT ID FROM marque WHERE Nom='Buckingham'), (SELECT ID FROM categorie WHERE Libelle='Aircraft'), 280000, NULL, NULL, 1),
('Havok', (SELECT ID FROM marque WHERE Nom='Nagasaki'), (SELECT ID FROM categorie WHERE Libelle='Aircraft'), 210000, NULL, NULL, 1),
('Mammatus', (SELECT ID FROM marque WHERE Nom='JoBuilt'), (SELECT ID FROM categorie WHERE Libelle='Aircraft'), 90000, NULL, NULL, 1),
('Microlight', (SELECT ID FROM marque WHERE Nom='Nagasaki'), (SELECT ID FROM categorie WHERE Libelle='Aircraft'), 35000, NULL, NULL, 1),
('Velum', (SELECT ID FROM marque WHERE Nom='JoBuilt'), (SELECT ID FROM categorie WHERE Libelle='Aircraft'), 180000, NULL, NULL, 1),
('Velum2', (SELECT ID FROM marque WHERE Nom='JoBuilt'), (SELECT ID FROM categorie WHERE Libelle='Aircraft'), 210000, NULL, NULL, 1),
('Vestra', (SELECT ID FROM marque WHERE Nom='Buckingham'), (SELECT ID FROM categorie WHERE Libelle='Aircraft'), 310000, NULL, NULL, 1),
('Swift', (SELECT ID FROM marque WHERE Nom='Buckingham'), (SELECT ID FROM categorie WHERE Libelle='Aircraft'), 650000, NULL, NULL, 1),
('Swift Deluxe', (SELECT ID FROM marque WHERE Nom='Buckingham'), (SELECT ID FROM categorie WHERE Libelle='Aircraft'), 1700000, NULL, NULL, 1),
('SuperVolito2', (SELECT ID FROM marque WHERE Nom='Buckingham'), (SELECT ID FROM categorie WHERE Libelle='Aircraft'), 1000000, NULL, NULL, 1),
('Volatus', (SELECT ID FROM marque WHERE Nom='Buckingham'), (SELECT ID FROM categorie WHERE Libelle='Aircraft'), 2000000, NULL, NULL, 1),
('Alpha-Z1', (SELECT ID FROM marque WHERE Nom='Buckingham'), (SELECT ID FROM categorie WHERE Libelle='Aircraft'), 350000, NULL, NULL, 1),
('Alkonost', (SELECT ID FROM marque WHERE Nom='Buckingham'), (SELECT ID FROM categorie WHERE Libelle='Aircraft'), 2200000, NULL, NULL, 1),
('Annihilator', (SELECT ID FROM marque WHERE Nom='Buckingham'), (SELECT ID FROM categorie WHERE Libelle='Aircraft'), 1200000, NULL, NULL, 1),
('Annihilator Stealth', (SELECT ID FROM marque WHERE Nom='Buckingham'), (SELECT ID FROM categorie WHERE Libelle='Aircraft'), 1650000, NULL, NULL, 1),
('Buzzard', (SELECT ID FROM marque WHERE Nom='Nagasaki'), (SELECT ID FROM categorie WHERE Libelle='Aircraft'), 750000, NULL, NULL, 1),
('Cargobob', (SELECT ID FROM marque WHERE Nom='Western Company'), (SELECT ID FROM categorie WHERE Libelle='Aircraft'), 950000, NULL, NULL, 1),
('Cargobob2', (SELECT ID FROM marque WHERE Nom='Western Company'), (SELECT ID FROM categorie WHERE Libelle='Aircraft'), 1050000, NULL, NULL, 1),
('Cargobob3', (SELECT ID FROM marque WHERE Nom='Western Company'), (SELECT ID FROM categorie WHERE Libelle='Aircraft'), 900000, NULL, NULL, 1),
('Cargobob4', (SELECT ID FROM marque WHERE Nom='Western Company'), (SELECT ID FROM categorie WHERE Libelle='Aircraft'), 950000, NULL, NULL, 1),
('Mallard', (SELECT ID FROM marque WHERE Nom='Western Company'), (SELECT ID FROM categorie WHERE Libelle='Aircraft'), 250000, NULL, NULL, 1),
('Duster', (SELECT ID FROM marque WHERE Nom='Western Company'), (SELECT ID FROM categorie WHERE Libelle='Aircraft'), 190000, NULL, NULL, 1),
('Luxor', (SELECT ID FROM marque WHERE Nom='Buckingham'), (SELECT ID FROM categorie WHERE Libelle='Aircraft'), 1100000, NULL, NULL, 1),
('Luxor Deluxe', (SELECT ID FROM marque WHERE Nom='Buckingham'), (SELECT ID FROM categorie WHERE Libelle='Aircraft'), 2800000, NULL, NULL, 1),
('Tula', (SELECT ID FROM marque WHERE Nom='Mammoth'), (SELECT ID FROM categorie WHERE Libelle='Aircraft'), 1400000, NULL, NULL, 1),
('Skylift', (SELECT ID FROM marque WHERE Nom='HVY'), (SELECT ID FROM categorie WHERE Libelle='Aircraft'), 600000, NULL, NULL, 1),
('Seasparrow', (SELECT ID FROM marque WHERE Nom='Buckingham'), (SELECT ID FROM categorie WHERE Libelle='Aircraft'), 520000, NULL, NULL, 1),
('Seasparrow2', (SELECT ID FROM marque WHERE Nom='Buckingham'), (SELECT ID FROM categorie WHERE Libelle='Aircraft'), 600000, NULL, NULL, 1);



